,text,FINAL_LABEL
0,i saw someone under that tweet say no taxes no check sir pls choke on your tongue la gente solo habla para hablar,IRRELEVANT
0,i saw someone under that tweet say no taxes no check sir pls choke on your tongue la gente solo habla para hablar,IRRELEVANT
1,scientists confirm first case of covid 19 transmitted from corpse via,RELEVANT
1,scientists confirm first case of covid 19 transmitted from corpse via,IRRELEVANT
2,the new requirements are bound to make face coverings an inescapable and perhaps jarring sight in new york city fo,IRRELEVANT
2,the new requirements are bound to make face coverings an inescapable and perhaps jarring sight in new york city fo,IRRELEVANT
3,nan,IRRELEVANT
3,nan,IRRELEVANT
4,attention smallbizdc community join dslbd and for the small business community teletownha,IRRELEVANT
4,attention smallbizdc community join dslbd and for the small business community teletownha,IRRELEVANT
5,and i want my face in some pussy,IRRELEVANT
5,and i want my face in some pussy,IRRELEVANT
6,over two million people did and they are laughing too,IRRELEVANT
6,over two million people did and they are laughing too,IRRELEVANT
7,today signs in state tuition for undocumented students at public universities into law thank you,IRRELEVANT
7,today signs in state tuition for undocumented students at public universities into law thank you,IRRELEVANT
8,college coaches bringing your spring eval period to you meet marqeese dietz 2021 ath contact,IRRELEVANT
8,college coaches bringing your spring eval period to you meet marqeese dietz 2021 ath contact,IRRELEVANT
9,please donate to feed the front lines as supports health care heroes and small businesses across,IRRELEVANT
9,please donate to feed the front lines as supports health care heroes and small businesses across,IRRELEVANT
10,for easter sunday father planning and three of his fellow jesuits celebrated mass in our lady s chapel on eye st,IRRELEVANT
10,for easter sunday father planning and three of his fellow jesuits celebrated mass in our lady s chapel on eye st,IRRELEVANT
11,tati just gon sit in her damn vomit and start eating ole stank breath bih blackinkcrew,IRRELEVANT
11,tati just gon sit in her damn vomit and start eating ole stank breath bih blackinkcrew,IRRELEVANT
12,nbs i look at 3 stories and be irritated close the whole damn app,IRRELEVANT
12,nbs i look at 3 stories and be irritated close the whole damn app,IRRELEVANT
13,may god give you peace n ability to absorb this shock,IRRELEVANT
13,may god give you peace n ability to absorb this shock,IRRELEVANT
14,panda pandaexpress college park maryland,IRRELEVANT
14,panda pandaexpress college park maryland,IRRELEVANT
15,we get so much shit just for existing,IRRELEVANT
15,we get so much shit just for existing,IRRELEVANT
16,they funny af talking about lebron was on live calling his sons niggas how tf black was y all household grow,IRRELEVANT
16,they funny af talking about lebron was on live calling his sons niggas how tf black was y all household grow,IRRELEVANT
17,crying at the weird people at the end,IRRELEVANT
17,crying at the weird people at the end,IRRELEVANT
18,on this date jerry dewayne plaster disappeared on april 16 1988 from manassas va after he was dropped him off,IRRELEVANT
18,on this date jerry dewayne plaster disappeared on april 16 1988 from manassas va after he was dropped him off,IRRELEVANT
19,big news you can access washington consumers checkbook from home with your card it s the le,IRRELEVANT
19,big news you can access washington consumers checkbook from home with your card it s the le,IRRELEVANT
20,during the daily conference of president doctor undersecretary mx announced t,IRRELEVANT
20,during the daily conference of president doctor undersecretary mx announced t,IRRELEVANT
21,nan,IRRELEVANT
21,nan,IRRELEVANT
22,happy easter we wish you and your family health let s go team forall cfcmd easter2020 stayhome,IRRELEVANT
22,happy easter we wish you and your family health let s go team forall cfcmd easter2020 stayhome,IRRELEVANT
23,empty lake empty streets the sun goes down alone boys of summer but also covid19,IRRELEVANT
23,empty lake empty streets the sun goes down alone boys of summer but also covid19,IRRELEVANT
24,supermarket oh what packet of crackers to pick they re all the same one brand one name but really they re,IRRELEVANT
24,supermarket oh what packet of crackers to pick they re all the same one brand one name but really they re,RELEVANT
25,eating food my mother brung me,IRRELEVANT
25,eating food my mother brung me,RELEVANT
26,living by example i ve been an emotional eater as long as i can remember that doesn t change overnig,IRRELEVANT
26,living by example i ve been an emotional eater as long as i can remember that doesn t change overnig,IRRELEVANT
27,mi sneak p k l k what the easter bunny just dropped off hoppy easter 804 382 8176 gracie s is off,IRRELEVANT
27,mi sneak p k l k what the easter bunny just dropped off hoppy easter 804 382 8176 gracie s is off,IRRELEVANT
28,mi sale 225 60 wide 20 deep 36 tall tonight only ends 10p 4 15 call to purchase 804 564 6717 gracie,IRRELEVANT
28,mi sale 225 60 wide 20 deep 36 tall tonight only ends 10p 4 15 call to purchase 804 564 6717 gracie,IRRELEVANT
29,mi whos thinking mother s day every mother needs a beautiful jewerly armoire with tons of storage for all of h,IRRELEVANT
29,mi whos thinking mother s day every mother needs a beautiful jewerly armoire with tons of storage for all of h,IRRELEVANT
30,usa numbers infections 560 300 27 421 dead 22 105 1 528 sunday april 12 2020 the us cele,RELEVANT
30,usa numbers infections 560 300 27 421 dead 22 105 1 528 sunday april 12 2020 the us cele,RELEVANT
31,giveaway winner gets my blue hennessy painting for free just pay shipping r u l e z,IRRELEVANT
31,giveaway winner gets my blue hennessy painting for free just pay shipping r u l e z,RELEVANT
32,follow us contact us wechat whatsapp 86 185 88680844 cargoship google shippingport seafreight,IRRELEVANT
32,follow us contact us wechat whatsapp 86 185 88680844 cargoship google shippingport seafreight,IRRELEVANT
33,healthy old town north alexandria,IRRELEVANT
33,healthy old town north alexandria,IRRELEVANT
34,self care check point drink water wash your face block your toxic ex go get some sleep,IRRELEVANT
34,self care check point drink water wash your face block your toxic ex go get some sleep,RELEVANT
35,i m satisfied by james brown from soundhound,IRRELEVANT
35,i m satisfied by james brown from soundhound,IRRELEVANT
36,now you had some very good people some very bad people but some very good people on both sides,IRRELEVANT
36,now you had some very good people some very bad people but some very good people on both sides,RELEVANT
37,self care packages due to the overwhelming response i m scaling up production of the selfcarepackages to sever,IRRELEVANT
37,self care packages due to the overwhelming response i m scaling up production of the selfcarepackages to sever,RELEVANT
38,new spring items up clothing designed to help you increase your income shop link in,IRRELEVANT
38,new spring items up clothing designed to help you increase your income shop link in,IRRELEVANT
39,come in with me she urges the simple to those who lack good judgment she says come eat my food and drink,IRRELEVANT
39,come in with me she urges the simple to those who lack good judgment she says come eat my food and drink,IRRELEVANT
40,i get 9000 a month plus free childcare sucks that you only get 2 and gotta take a loan out to see a doctor i,IRRELEVANT
40,i get 9000 a month plus free childcare sucks that you only get 2 and gotta take a loan out to see a doctor i,IRRELEVANT
41,i don t even know if i have a social security number livvie,IRRELEVANT
41,i don t even know if i have a social security number livvie,RELEVANT
42,top of the head hardest part of the body going to watch gladiator tonight,IRRELEVANT
42,top of the head hardest part of the body going to watch gladiator tonight,RELEVANT
43,this index finger smells oddly like pandemic odd,IRRELEVANT
43,this index finger smells oddly like pandemic odd,IRRELEVANT
44,nan,IRRELEVANT
44,nan,IRRELEVANT
45,when we lose sight of evil forces at work in the world we may become overly confident in our own abilities to con,IRRELEVANT
45,when we lose sight of evil forces at work in the world we may become overly confident in our own abilities to con,IRRELEVANT
46,nan,IRRELEVANT
46,nan,IRRELEVANT
47,there are so many conditions to unconditional love,IRRELEVANT
47,there are so many conditions to unconditional love,IRRELEVANT
48,then the angel spoke to the women don t be afraid he said i know you are looking for jesus who was crucifie,IRRELEVANT
48,then the angel spoke to the women don t be afraid he said i know you are looking for jesus who was crucifie,IRRELEVANT
49,the worst thing about the isolation is that no one hears me joe biden on people feeling ignored by our leader,IRRELEVANT
49,the worst thing about the isolation is that no one hears me joe biden on people feeling ignored by our leader,IRRELEVANT
50,the plan would have all 30 teams return to their spring training sites in either florida or arizona teams would p,IRRELEVANT
50,the plan would have all 30 teams return to their spring training sites in either florida or arizona teams would p,IRRELEVANT
51,nan,IRRELEVANT
51,nan,IRRELEVANT
52,the eyes don t see what the mind doesn t know washington d c,IRRELEVANT
52,the eyes don t see what the mind doesn t know washington d c,RELEVANT
53,nan,IRRELEVANT
53,nan,IRRELEVANT
54,stay close to people who feel like sunshine,IRRELEVANT
54,stay close to people who feel like sunshine,RELEVANT
55,spread love it s the brooklyn way biggie smalls aka the only christopher we acknowledge is wallace,IRRELEVANT
55,spread love it s the brooklyn way biggie smalls aka the only christopher we acknowledge is wallace,RELEVANT
56,some folks name one person that would intentionally sacrifice their child for the economy dr oz has official,IRRELEVANT
56,some folks name one person that would intentionally sacrifice their child for the economy dr oz has official,IRRELEVANT
57,so what you marched with king that was over 20 years ago people are catching hell all over the place i wonder,IRRELEVANT
57,so what you marched with king that was over 20 years ago people are catching hell all over the place i wonder,IRRELEVANT
58,so one shortcoming of the online mass is that it lacks a congregation even more obviously it lacks the presence,IRRELEVANT
58,so one shortcoming of the online mass is that it lacks a congregation even more obviously it lacks the presence,IRRELEVANT
59,sleep hygiene strikes me as one of the weirder terms in the health literature,IRRELEVANT
59,sleep hygiene strikes me as one of the weirder terms in the health literature,IRRELEVANT
60,she like it rough when we fuck so i m grabbing that bitch by the throat,IRRELEVANT
60,she like it rough when we fuck so i m grabbing that bitch by the throat,IRRELEVANT
61,people should reward the best corporate actors some stores chains are stepping up in other words vote with your,IRRELEVANT
61,people should reward the best corporate actors some stores chains are stepping up in other words vote with your,IRRELEVANT
62,opportunity is missed by most people because it is dressed in overalls and looks like work thomas edison if y,IRRELEVANT
62,opportunity is missed by most people because it is dressed in overalls and looks like work thomas edison if y,IRRELEVANT
63,nan,IRRELEVANT
63,nan,IRRELEVANT
64,o death where is thy sting o grave where is thy victory 1 corinthians 15 55 peace and blessings to you and,IRRELEVANT
64,o death where is thy sting o grave where is thy victory 1 corinthians 15 55 peace and blessings to you and,IRRELEVANT
65,nan,IRRELEVANT
65,nan,IRRELEVANT
66,makin my way downtown walkin fast faces pass and i m homebound,IRRELEVANT
66,makin my way downtown walkin fast faces pass and i m homebound,RELEVANT
67,if you look at a dancer in silence his or her body will be the music if you turn the music on that body will be,IRRELEVANT
67,if you look at a dancer in silence his or her body will be the music if you turn the music on that body will be,IRRELEVANT
68,i have said these things to you that in me you may have peace in the world you will have tribulation but take h,IRRELEVANT
68,i have said these things to you that in me you may have peace in the world you will have tribulation but take h,IRRELEVANT
69,i don t care what them don t know god folks do at yo job theclarksisters,IRRELEVANT
69,i don t care what them don t know god folks do at yo job theclarksisters,IRRELEVANT
70,i come from a community in williamsburg where women are not allowed to sing in public unorthodoxnetflix,IRRELEVANT
70,i come from a community in williamsburg where women are not allowed to sing in public unorthodoxnetflix,IRRELEVANT
71,nan,IRRELEVANT
71,nan,IRRELEVANT
72,greatness can t be achieved by perfection richshaad ryan ordinary art for extraordinary people,IRRELEVANT
72,greatness can t be achieved by perfection richshaad ryan ordinary art for extraordinary people,IRRELEVANT
73,compassionate caretaker isn t an urgent enough message for our times,IRRELEVANT
73,compassionate caretaker isn t an urgent enough message for our times,IRRELEVANT
74,chinese diplomacy increasingly reflects the interests of its people it was america that opened world trade to,IRRELEVANT
74,chinese diplomacy increasingly reflects the interests of its people it was america that opened world trade to,IRRELEVANT
75,chicken noodle soup choppa cook a nigga shit up or like fredo do alfredo food druuuuuuu tomato soup,IRRELEVANT
75,chicken noodle soup choppa cook a nigga shit up or like fredo do alfredo food druuuuuuu tomato soup,IRRELEVANT
76,nan,IRRELEVANT
76,nan,IRRELEVANT
77,art in quarantine heroes on the front lines support doctors and nurses who are fighting the covid 19 digital,IRRELEVANT
77,art in quarantine heroes on the front lines support doctors and nurses who are fighting the covid 19 digital,IRRELEVANT
78,all y all wanna do is laugh laugh laugh laugh at my pain saucy santana,IRRELEVANT
78,all y all wanna do is laugh laugh laugh laugh at my pain saucy santana,IRRELEVANT
79,actually rbg and sotomayor are bad is certainly a uh take of a particular temperature cc,IRRELEVANT
79,actually rbg and sotomayor are bad is certainly a uh take of a particular temperature cc,IRRELEVANT
80,a lot of people are getting older but not growing up,IRRELEVANT
80,a lot of people are getting older but not growing up,IRRELEVANT
81,are remaining open to serve our communities under the guidance of health officials,IRRELEVANT
81,are remaining open to serve our communities under the guidance of health officials,RELEVANT
82,nan,IRRELEVANT
82,nan,RELEVANT
83,we want to flood media channels what s next for the un s covid 19 creative open brief via,IRRELEVANT
83,we want to flood media channels what s next for the un s covid 19 creative open brief via,IRRELEVANT
84,y all really be eating coleslaw,IRRELEVANT
84,y all really be eating coleslaw,IRRELEVANT
85,y all complain about the idiocy of a two party system but still tweet these super annoying false equivalencies,IRRELEVANT
85,y all complain about the idiocy of a two party system but still tweet these super annoying false equivalencies,RELEVANT
86,nan,IRRELEVANT
86,nan,IRRELEVANT
87,you show me love that i wish you can show yourself because you are an amazing human,IRRELEVANT
87,you show me love that i wish you can show yourself because you are an amazing human,IRRELEVANT
88,you can t force yourself to feel things you don t feel for people that s where toxicity is birthed,IRRELEVANT
88,you can t force yourself to feel things you don t feel for people that s where toxicity is birthed,IRRELEVANT
89,yooooo why are white claws so sneaky i poured a mango one in one of those venti sbux cups with malibu rum and some oj i m feeling it man,IRRELEVANT
89,yooooo why are white claws so sneaky i poured a mango one in one of those venti sbux cups with malibu rum and some oj i m feeling it man,RELEVANT
90,yo remember when people lost their fucking minds about michael phelps bong rip,IRRELEVANT
90,yo remember when people lost their fucking minds about michael phelps bong rip,IRRELEVANT
91,yes im toxic amp no i dnt care,IRRELEVANT
91,yes im toxic amp no i dnt care,IRRELEVANT
92,yall not about to watch insecure in my face like this,IRRELEVANT
92,yall not about to watch insecure in my face like this,IRRELEVANT
93,nan,IRRELEVANT
93,nan,IRRELEVANT
94,chk out this thread from dc covid19 funding and policies needed asap for youth and adults impacted by th,IRRELEVANT
94,chk out this thread from dc covid19 funding and policies needed asap for youth and adults impacted by th,IRRELEVANT
95,usa numbers infections 677 570 29 567 dead 34 617 2 174 thursday april 16 2020 western w,IRRELEVANT
95,usa numbers infections 677 570 29 567 dead 34 617 2 174 thursday april 16 2020 western w,IRRELEVANT
96,the nonprofit group stop aapi hate has logged more than 1 100 reports of coronavirus discrimination against asian,IRRELEVANT
96,the nonprofit group stop aapi hate has logged more than 1 100 reports of coronavirus discrimination against asian,IRRELEVANT
97,the most misleading cliche about the coronavirus is that it treats us all the same it doesn t neither medically,IRRELEVANT
97,the most misleading cliche about the coronavirus is that it treats us all the same it doesn t neither medically,IRRELEVANT
98,i just know my brother s fighting for his life she said it makes you ask yourself the disabled and the elder,IRRELEVANT
98,i just know my brother s fighting for his life she said it makes you ask yourself the disabled and the elder,IRRELEVANT
99,equity matters centralize equity into your covid19 funding and programming communities of color are suffering,IRRELEVANT
99,equity matters centralize equity into your covid19 funding and programming communities of color are suffering,IRRELEVANT
100,this is what social distancing feels like,IRRELEVANT
100,this is what social distancing feels like,IRRELEVANT
101,they still talking about how they gonna limit items amp shit and only let so many people in some places but my mind s,IRRELEVANT
102,so you going out in a pandemic is going to resolve this situations huh,IRRELEVANT
103,saw a bunny on my walk around the block tonight nature is healing we are the virus,IRRELEVANT
104,omfg i literally don t know what to do with myself like when i tell you my body feels like it,IRRELEVANT
105,old dude said we need to go back to work let the young ones work guy responded and said young people are dying,IRRELEVANT
106,my cousin was healthy yet still contracted the virus and passed i thought of no better way to honor his memory tha,IRRELEVANT
107,meanwhile affluent white communities on the west side of moco where there are substantially fewer coronavirus case,IRRELEVANT
108,nan,IRRELEVANT
109,infection rates for the new coronavirus and has seen more than 1 768 residents die including another 166 people in,RELEVANT
110,nan,IRRELEVANT
111,i am legitimately the closest i have ever been to physically assaulting a stranger over this social distancing shit,IRRELEVANT
112,how my work isn t sending us home is beyond me running out of work to do someone was possibly exposed to covid on,IRRELEVANT
113,nan,RELEVANT
114,as much as i know y all love these little fabric masks you guys are making and wearing i just want you to know it s,RELEVANT
115,all this hand sanitizer has my hands looking like reptile skin smh,IRRELEVANT
116,your stupidity and gross negligence is going to cost a lot of people their lives,IRRELEVANT
117,you know you have good friends when they personally deliver your favorite wine to your front porch to ensure you re,IRRELEVANT
118,yo this virus is so real ugh be safe everybody i got my elders locked up somewhere they not comin our ti,IRRELEVANT
119,yesterday we had the opportunity to serve our ward 8 by partnering to provide over 500 meals to our community s,IRRELEVANT
120,yes mr president of america what are you waiting for its already half of 500k cases oh you mean you want it,IRRELEVANT
121,yall please take this virus seriously,IRRELEVANT
122,nan,IRRELEVANT
123,wow not an oz fan and his point deserves a better explanation will try to give it hear 1 he is not talking abou,IRRELEVANT
124,work hard to get masks and tests to people suffering that s it,IRRELEVANT
125,with all the science and data driving expert advisors to has anyone heard data regarding rates of infection,IRRELEVANT
126,will dc shut down or cite uhop for continuing to gather note everyone going in and out of the church door and not,RELEVANT
127,wider sidewalks enables safe distances for people and is easy to do widendcsidewalks,RELEVANT
128,why were you in the store without a mask don t you care about the safety of your fellow man that was a rhetorica,IRRELEVANT
129,why haven t we seen anything on the end of nursing homes no one is going to want to be in one amp no one is going to,IRRELEVANT
130,why are we using old solutions to a new problem why don t we deliver food to people so we don t create long lines,IRRELEVANT
131,while the rich people are at home self quarantining the poor people are out working if that doesn t show you who t,IRRELEVANT
132,while singing the reading rainbow theme song tonight our 7 yr old sang iiiiiii can t go anywherrrrrrre because,IRRELEVANT
133,where are people buying cloth masks are there folks making them in dc,RELEVANT
134,when we put front line workers at risk we put the entire population s health amp safety in jeopardy to get workers,RELEVANT
135,we ve transitioned from wait and see to respond to significant contingency planning just in case a major milestone,RELEVANT
136,we supposed to be in the fucking house quarantine stupid ass dummy what happened to social distancing,IRRELEVANT
137,we re reminded daily of what we have our very worst person as president,IRRELEVANT
138,we re serving smiles here in hrva our student volunteers provided 100 locally prepared lunches to the staff at b,IRRELEVANT
139,well that was a bust was at the doctor s getting blood gone amp i had trouble coughing i ve never been pushed out o,IRRELEVANT
140,well damn covid 19 has now infiltrated the county i live in gonna be on high alert now and not even leave the house i m sad,IRRELEVANT
141,we suppose to be social distancing and the ppl across the street is having a party amp amp nobody has on a mask,IRRELEVANT
142,we shared some treats with the icu nurses and staff of georgetown we re so grateful for their,IRRELEVANT
143,we are so ecstatic to be able to continue to provide immediate assistance to those affected by the coronavirus cov,IRRELEVANT
144,we love your outdoor photos especially when they help our forecasts tell the regional weather sto,IRRELEVANT
145,wake up america liberals are lying about covid19 deaths they want to keep us from voting they don t care if th,IRRELEVANT
146,who official says she suspected human to human transmission right from the start but the who repeated china s l,IRRELEVANT
147,virginia population is 8 1 2 million we have had 165 deaths and 6 500 cases our governor has extended the shut do,IRRELEVANT
148,us bishop vows to refuse covid 19 vaccine if made from aborted fetal tissue news lifesite,IRRELEVANT
149,turning pain into power as my family try s to make sense of my cousins death due to covid19 we see memes about bl,RELEVANT
150,trump on virus tests the federal government shouldn t be forced to do everything how about doing anything,IRRELEVANT
151,trump is posing a public health threat that must be addressed,IRRELEVANT
152,trump did not close the economy the coronavirus did trump cannot open the economy only testing effective,RELEVANT
153,toys for tots to donate 2 million toys books and games to families in need amid pandemic,IRRELEVANT
154,touch me in the morning has been removed from my playlist due to covid 19 apparently my life now too dianaross,IRRELEVANT
155,totally agree and i would include all of the respiratory therapist physical therapists etc and the fol,RELEVANT
156,took a masked walk today for literally five hours everyone was social distancing often there were just a few peop,IRRELEVANT
157,tonight join us for this high impact panel on covid 19 amp maternal and child health designed for the non medical c,IRRELEVANT
158,nan,RELEVANT
159,to all the charities and people donating to essential workers it s not just healthcare employees working right now,IRRELEVANT
160,to all food service workers thank you googledoodle,IRRELEVANT
161,three of the hardest hit zip codes in maryland are in silver spring accounting for 383 coronavirus cases,RELEVANT
162,those interested in joining sponsored covid19 serosurvey clinical trial to quantify exposure amp undetect,RELEVANT
163,this woman is standing so close behind me that can t hear my headphones over her ranting about the store employees not wearing face masks,IRRELEVANT
164,this pandemic is exposing the mess us healthcare is,IRRELEVANT
165,this pandemic and its disproportionate effects on minority communities is shining a light on environmental racism,RELEVANT
166,this is 2020 fortunate to be sheltered in place with these people happy easter,IRRELEVANT
167,this guy had flu like symptoms in the train no mask nothing his stop was deanwood i didn t c,IRRELEVANT
168,this mondaymention goes out to the this legendary team is working hard to continue providing their dail,IRRELEVANT
169,the fact that fucking donald trump is making life and death decisions for our country is so terrifying,IRRELEVANT
170,the county is now accepting applications from county businesses amp nonprofits for the public health emergency grant,IRRELEVANT
171,the safest way to complete the 2020census is now while we stayhomedc together you can fill it out at home wit,IRRELEVANT
172,the art angle podcast how photography is being revolutionized in the coronavirus era artnet news,IRRELEVANT
173,the dr burke just gave kudos to and thank you for your leadership during,IRRELEVANT
174,the real mvps of social distancing,IRRELEVANT
175,the lack of action to fight the spread of the coronavirus in elderly care facilities across the country is an outr,IRRELEVANT
176,there s a big jump in numbers for fluvanna they have 62 cases now because of an outbreak in a long term care facil,RELEVANT
177,nan,IRRELEVANT
178,the only reason we have any hand sanitizer in our house is because my mom used to put it in our christmas stocking,IRRELEVANT
179,the curve is definitely bending ie velocity of claims is slowing and ui offices are working hard to get people o,IRRELEVANT
180,nan,IRRELEVANT
181,the ads come as trump campaign officials lay plans to try to make the general election campaign more about the bide,IRRELEVANT
182,the trump administration has told employers that they don t have to track cases of covid 19 among their workers,IRRELEVANT
183,thats interesting the c virus daily new case counts start to flatten so what does the va state health dept do o,IRRELEVANT
184,that s the long pole in the tent chris until you beat the virus there is no bringing back the economy some will i,IRRELEVANT
185,thank you for helping put computers in the hands of computer core students as we begin distance learning spring2ac,IRRELEVANT
186,thank you for highlighting feedthefrontlines and work to help support the health care heroes,IRRELEVANT
187,thank you general for speaking of the impact of covid19 on our nativeamerican brothers and sisters for,IRRELEVANT
188,thank you and for talking today to 32bj s essential service workers who risk their,IRRELEVANT
189,thank you for extending status and waiving change fees during covid 19 travel aadvantage,IRRELEVANT
190,social distancing amp wearing masks to the grocery store all feels so normal now it ll be weird going back to reality once this is all over,RELEVANT
191,social distancing virtual ride make the best of it and stay safe btp wegetit beechtree,IRRELEVANT
192,social distancing for relief payment recipients,IRRELEVANT
193,stanford crowdsources county level covid 19 policy data coronavirus,RELEVANT
194,nan,RELEVANT
195,some upbeat opimistic scenarios for consideration of how the world recovery might take shape but what if survivors,RELEVANT
196,social distancing with unc b saint katherine greek orthodox church in falls church dc,RELEVANT
197,social distancing wishing i was out cruising the beaches amp parks but safe amp sound at home gopro gopro,RELEVANT
198,so what i do know is there was an incident around simple city and these officers don t have on any ppe at all,IRRELEVANT
199,so where are people going to find masks because there are none available for purchase,RELEVANT
200,so weed and alcohol can make the coronavirus worse,IRRELEVANT
201,so how many people have to say that we need to ramp up testing to get to our new normal my dad s next door neighbor,IRRELEVANT
202,so grateful to see a story on news about a family reunited during pandemic this quote was shared that is be,IRRELEVANT
203,small new study may provide clues into asymptomatic carriers of coronavirus covid 19 via,RELEVANT
204,since we re going into warmer weather w covid are we testing the possibility of peer to peer transmission via mosquitos,RELEVANT
205,since won t take responsibility for a slow response to covid19 he should have zero say in restar,IRRELEVANT
206,share your healthyathome tips washingtondc city life has benefits but during covid19 is 95 time indoors ti,IRRELEVANT
207,share this graphic to let others know how we can together stop the spread of germs stayhomedc,IRRELEVANT
208,share this graphic to help others understand the symptoms of coronavirus covid 19 stayhomedc,IRRELEVANT
209,see it s people like george that should be scary to others those who have it but are completely asymptomatic ver,IRRELEVANT
210,researchers have discovered six new coronaviruses in bats in myanmar the first time these viruses have been dete,RELEVANT
211,republicans take aim at michigan governor over virus response gov gretchen whitmer is und,IRRELEVANT
212,reports confirm brazil s minister of health has been fired following weeks of tension as he and president bolsonaro,IRRELEVANT
213,reminder that if you re wearing a surgical mask you have to pinch the top so that there s no space between your face and the mask,RELEVANT
214,nan,RELEVANT
215,public health information is never too much but can be too late for the people who need it most,IRRELEVANT
216,proud of the innovative and proactive approach has taken to help hospitals access critical medical suppl,IRRELEVANT
217,proud of our community of businesses thank you all mcduffie,IRRELEVANT
218,previously referring to a friend presumably chera who has contracted the coronavirus had told reporters,IRRELEVANT
219,president trump democrats continue to block additional paycheck protection plan for workers and small business in,IRRELEVANT
220,prepping lunch for doctors nurses and healthcare workers in hospitals and emergency rooms all over the country ar,RELEVANT
221,polling stations across south korea are being disinfected regularly while voting is open and voters will have thei,IRRELEVANT
222,please stop essential businesses making employees come in who work at desks phones they can work from home there,RELEVANT
223,please be safe and healthy in these trying times very truly yours kiy dfn care s president amp ceo,IRRELEVANT
224,photo of a republican led protest in lansing mich against gov gretchen whitmer s stay at home order notice how,RELEVANT
225,perversely the greater the lockdown succeeds in stopping the spread of the virus the easier a political target it,IRRELEVANT
226,people died because was mad that someone told the public the truth,IRRELEVANT
227,people aren t staying 6 feet apart but everyone seems to have surgical masks,RELEVANT
228,p h a s e 1 o f ouaa2maga all vulnerable individuals should continue to shelter in place members of househ,IRRELEVANT
229,over a month into this pandemic and i still have to push this inaccessible ancient beg button to cross the street a,IRRELEVANT
230,our premiere edition of frontline conversations launches wednesday at 12pm we are bringing together leaders for in,IRRELEVANT
231,our medical staff on the front lines dealing with lives loss and emotions i m grateful for this nurse keeping it,RELEVANT
232,our campus may be closed but classes are in session we have been remote learning for several weeks now take a pee,IRRELEVANT
233,one month ago today we made the decision to closed up shop to do our part to stop the spread covid 19 this pictu,IRRELEVANT
234,non household group exercise is not allowed this reckless behavior puts people s lives at risk don t do it,IRRELEVANT
235,newborn babies given mini face shields at hospitals in thailand,IRRELEVANT
236,nan,IRRELEVANT
237,nsf rapid grant backs princeton research to track and contain pandemic coronavirus,IRRELEVANT
238,now is holding his covid19 press conference virginia coronavirus,RELEVANT
239,my top tip today if you are caring for covid19 patients is to follow a rehab psychologist devoti,RELEVANT
240,my mom went to the doctor in lynchburg and they handed her a questionnaire have you had a fever cough etc but,RELEVANT
241,my mom made homemade face shields im trying cop one,IRRELEVANT
242,my grandparents are so worried about our family and wanting to give us all their food masks gloves etc when in,IRRELEVANT
243,my friends 90 year old mom she is in a nursing home and he has been unable to visit with her but her personality,IRRELEVANT
244,my inspired face mask quarantineactivities facemask masks4all,IRRELEVANT
245,mr johnson sends big thanks to all of the heroes on the frontlines especially our partners at to,IRRELEVANT
246,nan,RELEVANT
247,more ways to help your community during this crisis is asking for an additional 30k medical amp non med,RELEVANT
248,medically he s a very interesting case not that we like to refer to patients as cases but you know what i mean,IRRELEVANT
249,mcconnell spox on trump threatening to adjourn congress if they don t vote on his nominees the leader pledged to,IRRELEVANT
250,mandatory face mask order in prince george s county beltway plaza mall,RELEVANT
251,lol you really can t count on nobody in this world maybe this is the brightside of this whole corona virus,IRRELEVANT
252,listen to y all friend say that a 2 3 in total mortality rate of kids might be a good trade off to send kids,IRRELEVANT
253,line wraps around 3 blocks for entrance to dupont circle farmer s market coronavirususa dctraffic washingtondc,RELEVANT
254,let s see if i can sleep tonight without coughing thinking i m dying of the rona,IRRELEVANT
255,let em go seriously let all the republicans amp trump supporters populate society amp dems will just hang back amp let,IRRELEVANT
256,largely agree with this assessment but the game isn t over summer is likely to be a much needed break which we,IRRELEVANT
257,nan,IRRELEVANT
258,just made some hand sanitizer,IRRELEVANT
259,just in new jobs numbers show that more than 5 million people filed for unemployment benefits last week 22 milli,IRRELEVANT
260,just chillin waiting for the virus to pass as seen on for sheen curves for,IRRELEVANT
261,just confirmed envoy at the village in fluvanna county has covid 19 in their facility i talked to a spokeswoman,RELEVANT
262,join us today at 2pm et fb live impact of covid 19 on communities of color especially looking at,IRRELEVANT
263,join and for a webinar on cancer covid 19 and disparities on 4 23 20 12 00 1 00,IRRELEVANT
264,i m joining today from 3 4 pm et for a gpfactcheck twitter chat to talk about how covid19 impacts yo,IRRELEVANT
265,i m currently using a hand sanitizer made with ethyl alcohol vanilla and cocoa bean and it makes me smell like a c,IRRELEVANT
266,it s absolute bull shit that i have to watch my grandfathers funeral on a computer today i didn t get to say good,RELEVANT
267,it seems the only person in the florida admin who cares about floridians is the only dem in the cabinet thank you,IRRELEVANT
268,is she talking about a coup msnbc host suggests biden form shadow government to counter trump on coronavirus,IRRELEVANT
269,in print today d c area residents with disabilities report having to wait up to two weeks to get groceries delive,IRRELEVANT
270,nan,IRRELEVANT
271,in a statement released this week condemned brazilian president bolsonaro s efforts to counter health experts,IRRELEVANT
272,nan,RELEVANT
273,if you re not already watching i highly recommend starting now during covid19 we did at my brother,IRRELEVANT
274,if your not wearing a fucking mask or something covering your face please don t come to the grocery store because i,RELEVANT
275,if in the middle of a pandemic you pull down your mask in the middle of a grocery store to lick your finger you can t be helped,RELEVANT
276,idk bout y all but i d rather wear a mask everyday when i go hangout with friends go to work or enter any public,RELEVANT
277,i ve been having fun with this acapellamakerapp during quarantine more to come let me know some other songs i sh,IRRELEVANT
278,i ve wfh from what is the equivalent of 2 full symptom periods 2 14 days the chances of me contracting now got,RELEVANT
279,i wish would stop referring the daily white house trumpviruscoverup presser as covid19 task for,IRRELEVANT
280,i thought you cdc estimates at least 9 200 health care workers have been infected with coronavirus,IRRELEVANT
281,i see lots of commentary about how trump is pushing to open the country too fast but looking at the plan here it s,IRRELEVANT
282,i pray that science and experience prevail and bosses businesses refuse to force their employees to return to work,RELEVANT
283,i need to get out of this house amp bike riding will be good exercise while still practicing social distance,IRRELEVANT
284,i love seeing my own friends not social distancing on snap it s the same people who complain about quarantine or,IRRELEVANT
285,i just want a logically explanation why gyms would open up why tf anything would open up,RELEVANT
286,i just found out my grandfather passed he tested positive for covid 19 five days ago he died alone after weeks of,IRRELEVANT
287,i hear they ll let us all go back to work on the 1st he says but until then i can t purchase any food without a m,IRRELEVANT
288,i don t know what is more depressing all the social distancing stuff or the fact that i need glasses to read my phone old,IRRELEVANT
289,i don t know how to feel about this picture my heart is gushing over how adorable these lil babies are with their,IRRELEVANT
290,i appreciate maryland amp virginia starting a separate strike force for assisting in the overwhelming cases of cov,IRRELEVANT
291,i want to thank all my friends and family for checking up on me these pass few weeks just knowing everyone in m,IRRELEVANT
292,how is the coronavirus not raging through the detention centers at the border nowall detention,IRRELEVANT
293,how humanity unites in social distance incredibly honored to be a small part of such a big,IRRELEVANT
294,highly unethical this is not the time to be selling your face masks in the fashion industry,IRRELEVANT
295,highlight of s talk today at there has been a massive failure of lack of information and,IRRELEVANT
296,here s my article on alex ovechkin and other hockey players donating masks during this time to healthcare workers,IRRELEVANT
297,help families in langley park surrounding communities with meals and groceries link below covid19 pgcounty,IRRELEVANT
298,hear ye hear ye hear ye our first virtual town hall is tomorrow afternoon focused on covid 19 and infrastructure,IRRELEVANT
299,guy at the grocery store w o mask kept getting super close and of course stood 2 feet behind me in line dude y,IRRELEVANT
300,government s most important role is to protect us this govt has not lived up to that responsibility they were too,IRRELEVANT
301,government needs to either reopen stuff in a reasonable time or send out more aid to people and businesses it s du,IRRELEVANT
302,good to see this drive through testing facility for covid 19 in foggy bottom,RELEVANT
303,glad that it wasn t an intentional spread of virus but could have been today whether we like it or not we are one,IRRELEVANT
304,fuck and all of these dumb fucks i remember all the bullshit about obama s death panels and n,IRRELEVANT
305,frightening stat on tonight 43 of small businesses fear they will close for good in 6 months without so,IRRELEVANT
306,nan,IRRELEVANT
307,nan,IRRELEVANT
308,for fellow 30rock fans tina fay and sam means imagine the gang responding to corona s virus,IRRELEVANT
309,nan,IRRELEVANT
310,ever since the coronavirus challenge people licking toilet bowls and everything else like it s not a big deal it s,IRRELEVANT
311,essential or expendable farmworkers condemn lack of protection and economic help during pandemic via,IRRELEVANT
312,ending the show with an pez extra made the night so sorry to hear you lost a family member to covid 19 t,IRRELEVANT
313,either amazon is sanitizing boxes or the person who s delivering them is bc i just got some orders and they smell like lysol,IRRELEVANT
314,early peek at data on gilead coronavirus drug suggests patients are responding to treatment via,RELEVANT
315,during this tough coronavirus battle time it s important we maintain good hygiene it would be frustrating if the,IRRELEVANT
316,dr fauci says he talked with members about health disparities in black and minority communities coronavirus,IRRELEVANT
317,donald trump notorious con artist stalls 1 200 relief checks to dying americans to slap his name on them the ta,IRRELEVANT
318,did you miss out on s live virtual town hall focused on covid19 amp infrastructure check out the recordin,IRRELEVANT
319,dc especially in ward 5 if you are experiencing cv 19 racial profiling at the hospital in the stores and carryin,IRRELEVANT
320,cruise lines were shut out of the stimulus here s why hint they are tax avoiders polluters and spread the vir,IRRELEVANT
321,covid 19 politeness is flower of humanity yanni love is all truth is forever the tribute concerts 10,IRRELEVANT
322,coronavirus chronicles essential personal thanks to keep working for all be safe candid igdc dc,RELEVANT
323,coronavirus chronicles keep dreaming keep growing keep fixing keep doing keep finding beyond this world,RELEVANT
324,come on grocery store workers don t have the luxury to stay at home they are putting their well being and their f,IRRELEVANT
325,chris cuomo s wife cristina tests positive for coronavirus via,IRRELEVANT
326,check out some information about hfnc aerosol spread and using a surgical mask concord,RELEVANT
327,charles darwin has a special message for those of you who think that the coronavirus covid19 virus is either a ma,IRRELEVANT
328,can we stop using the peak as a return to business as usual it should be only used to mobilize medical equipment,IRRELEVANT
329,called at 8 30am when they opened and was on hold for 5 hours and 30 minutes till i got an agent at dc fina,RELEVANT
330,covid 19 got me out here looking like mort from the bazooka joe comic strips covid19 coronavirus mort,IRRELEVANT
331,covid 19 threatens the gaza strip the population in gaza is more vulnerable to the virus due to its decade long s,IRRELEVANT
332,bro i wear glasses this face mask shit wasn t designed for my kind,IRRELEVANT
333,blacks make up 72 of covid 19 deaths in dc what s is the mayor doing about it your guess as good as mine,IRRELEVANT
334,big d c bar and events space hook hall has been paying restaurants to prepare meals for distribution to hospitalit,IRRELEVANT
335,being a hypochondriac during the corona outbreak is really doing a number on my mental health,IRRELEVANT
336,asymptomatic ppl are my biggest fear with this virus,IRRELEVANT
337,as the ever widening direction on wearing face covering increases in the us it will of course be accompanied by g,IRRELEVANT
338,as countries around the world address the covid 19 pandemic jaswdc chairman reflects on lessons lear,IRRELEVANT
339,nan,IRRELEVANT
340,apple google bring covid 19 contact tracing to 3 billion people,IRRELEVANT
341,anybody can get it but black communities have been far more impacted in maryland its nw baltimore the 21215 zi,RELEVANT
342,and make this forced closure of businesses a several month thing instead of a several week long thing he never ca,IRRELEVANT
343,although it s necessary it s scary for patients to see us in all this gear i love what these healthcare workers,RELEVANT
344,also i was allowed to touch my own face,IRRELEVANT
345,alarm breeds alarm taking breaks from social media is good i m not saying alarm isn t appropriate but for your,IRRELEVANT
346,about to have a mental breakdown because i can t find an open time slot for my groceries to be delivered or picked up in the next two weeks,RELEVANT
347,ag secretary perdue working closely with cdc to ensure ag and healthcare workers are as safe as possible covid,IRRELEVANT
348,a3 i ve enjoyed reading books and trying to get into a rhythm with running 2 good activities for social distancing novaedchat,IRRELEVANT
349,a10 domestic violence dv is often not thought of during amp after an emergency support for survivors of dv are i,IRRELEVANT
350,a captain thanks the healthcare workers on his flight to newark such a nice moment in the midst of a globa,IRRELEVANT
351,name,IRRELEVANT
352,small risk of dying from catching it we ve all caught the f,IRRELEVANT
353,what do they want their ppl to live or die large gatherings when we have no idea who is infected,IRRELEVANT
354,because the economy is tanking people can t get food or medicine can t pay the rent or utilities,RELEVANT
355,that s what s suspicious about the reporting the 9 7 million is the flu which could include covid with,IRRELEVANT
356,we all agree all or most hospitals need equipment to handle this virus but they all need to asked the current,RELEVANT
357,if they are that concerned why does walmart have 400 people in it right now,IRRELEVANT
358,it s the quarantine all sense is now gone weird fn animals and shit now amuse us for hours,IRRELEVANT
359,your dumbass followers are proving they don t care if they get the virus so why don t you do a cou,IRRELEVANT
360,you re an idiot people are dying because of your incompetence and you only care about the stock market shame,IRRELEVANT
361,nan,IRRELEVANT
362,quit passing the blame on everyone but you you thought like everything else you would cover this,IRRELEVANT
363,i hope you have nightmares the rest of your pathetic life i hope all the people who have lost the,IRRELEVANT
364,is anyone curious about the number of people who have died in the united states f,IRRELEVANT
365,no let me explain it to you since there s science involved here the genome of tge strai,IRRELEVANT
366,from the start trump has been right and fauci who worked for clinton and obama wrong dum,IRRELEVANT
367,preparing for the pandemic or actually preparing the pandemic level of awareness of the pandemic makes,IRRELEVANT
368,in mountains of virginia at least two thirds of people at kroger and foodlion were wearing,RELEVANT
369,yes but the state board announced reason code 2a illness disability can be used by anyone r,IRRELEVANT
370,i agree with that but the root,IRRELEVANT
371,only a moron like trump would try open this country up under the circumstances facing we the people,IRRELEVANT
372,mayes our neighborhood in the maryland suburbs of dc is simultaneously showing our su,IRRELEVANT
373,dave that s one of my biggest problems with this hospitals are being required to lists deaths as covid th,IRRELEVANT
374,dave i know of 0 people with it as well i also have 2 respiratory therapist in my family so i hear amp tru,IRRELEVANT
375,taggart and history repeats itself the lower income,IRRELEVANT
376,we re lucky here in chesterfield county va our libraries are closed to the public but we can call or,IRRELEVANT
377,name,IRRELEVANT
378,hey there joke getter not sure what you mean by it didnt stop them sto,IRRELEVANT
379,how many of these mfers that now trying to shame everyone send their kids to school sick or when someone in,RELEVANT
380,i wonder if he d heard of social distancing,IRRELEVANT
381,you should be ashamed man what part of social distancing don t you understand,IRRELEVANT
382,pat orange16 look at the lives lost internati,IRRELEVANT
383,on a positive note it has made social distancing a bit easier,IRRELEVANT
384,name,IRRELEVANT
385,name,IRRELEVANT
386,squinchy sorry i could have helped you out but social distancing,IRRELEVANT
387,name,IRRELEVANT
388,what s the status of the reinfected people in south korea are they new infections or flare ups from previous,IRRELEVANT
389,why did you switch from reporting new c virus cases daily to weekly is it because the weekly chart doesnt,IRRELEVANT
390,did cuomo really just suspend take back 2 raise for essential workers in nys because of the p,IRRELEVANT
391,but you said it was like the flu btw florida now has twice as many coronavirus cases 20 601 as s,IRRELEVANT
392,i think about this all the time it s not just about the president it s about the people around h,IRRELEVANT
393,nan,RELEVANT
394,nan,RELEVANT
395,name,RELEVANT
396,ceo michael bright the covid19 pandemic requires bigger and different thinking than 2008,IRRELEVANT
397,propublica the trump administration has rushed through more than 760 million in contracts ou,IRRELEVANT
398,they re too smart and intelligent for trump and he s scared of them he needs incompetent people so when t,IRRELEVANT
399,says that restaurants are grateful for any type of relief they foresee more relief coming to help restaura,IRRELEVANT
400,name,IRRELEVANT
401,under the stay at home plan hospitals are overwhelmed reusing masks doctors amp nurse,IRRELEVANT
402,name,IRRELEVANT
403,like moscow trump said that putin will damn sure get his ventilators and americans wil,IRRELEVANT
404,talks about the importance of accurate data to help us navigate through covid19 covidunmasked p,IRRELEVANT
405,check your priviledge a opening up even if the return of infections isn t as large as feared will,RELEVANT
406,do you think the virus only likes americans south korea sto,IRRELEVANT
407,the montgomery county government should make masks available to its residents it s not right to req,RELEVANT
408,nan,IRRELEVANT
409,i really find these videos insulting people are dying and sick there s nothing to be celebrating now,IRRELEVANT
